state_a	state_b	edge_id
x6738a	x7024a	x6738a_to_x7024a
x6738a	x7026a	x6738a_to_x7026a
x6832a	x7175a	x6832a_to_x7175a
x6832a	x7570a	x6832a_to_x7570a
x7011a	x7127a	x7011a_to_x7127a
x7011a	x7135a	x7011a_to_x7135a
x7011a	x7147a	x7011a_to_x7147a
x7011a	x7175a	x7011a_to_x7175a
x7011a	x7259a	x7011a_to_x7259a
x7024a	x7101a	x7024a_to_x7101a
x7025a	x7101a	x7025a_to_x7101a
x7025a	x7533a	x7025a_to_x7533a
x7026a	x7056a	x7026a_to_x7056a
x7026a	x7093a	x7026a_to_x7093a
x7026a	x7190a	x7026a_to_x7190a
x7026a	x7427a	x7026a_to_x7427a
x7026a	x7510a	x7026a_to_x7510a
x7031a	x7316a	x7031a_to_x7316a
x7031a	x7501a	x7031a_to_x7501a
x7031a	x7589a	x7031a_to_x7589a
x7093a	x7317a	x7093a_to_x7317a
x7093a	x7501a	x7093a_to_x7501a
x7132a	x7533a	x7132a_to_x7533a
x7147a	x7309a	x7147a_to_x7309a
x7161a	x7257a	x7161a_to_x7257a
x7175a	x7533a	x7175a_to_x7533a
x7247a	x7433a	x7247a_to_x7433a
x7257a	x7475a	x7257a_to_x7475a
x7259a	x7533a	x7259a_to_x7533a
x7433a	x7501a	x7433a_to_x7501a
x7475a	x7510a	x7475a_to_x7510a
x7491a	x7501a	x7491a_to_x7501a
